fraudulent_name,real_name,label,max_similarity,predicted_label,error_type
detenuti,dirti,0,0.9241865,1,false_positive
eá´œğ—¿ğ˜°,euro,1,0.91608477,0,false_negative
azzardo,assurdo,0,0.9279743,1,false_positive
ğ™¸ğ˜¦ğ ğšâ„®ğ–—â„¹,leggeri,1,0.872619,0,false_negative
argento,leggeri,0,0.9304694,1,false_positive
ğ–ˆ×¡ğ’ÔÏƒğ•É©ğ¿Ñ–ğ˜°,condominio,1,0.9191649,0,false_negative
passivo,lavori,0,0.9314514,1,false_positive
biglietti,grigio,0,0.93045664,1,false_positive
ğ’ğÊğœ¾ï½ƒğ˜ª,nemici,1,0.91998076,0,false_negative
finanziamento,sostanze,0,0.93769157,1,false_positive
ğ”ğ—Œğ’”ğšğ™¢ğ“«ßŠâ…‡ï½…,assemblee,1,0.8846221,0,false_negative
densitÃ ,dotati,0,0.92867035,1,false_positive
fissa,fretta,0,0.9330927,1,false_positive
bğ›¼ğ›•terğ“²,batteri,1,0.9166524,0,false_negative
rnğš¤ğ’¶,mia,1,0.92264205,0,false_negative
sâ²¥heâ…†ğš,scheda,1,0.9200582,0,false_negative
âºğšğ›•ğ’¾Ñµğ¸tÃ ,attivitÃ ,1,0.88525295,0,false_negative
â²¥oğ“ˆi,cosi,1,0.9051826,0,false_negative
vada,viale,0,0.9279364,1,false_positive
ğ˜Î±sğšŒğ—‚,lasci,1,0.8246096,0,false_negative
utente,straniere,0,0.935491,1,false_positive
ğ” iğ”¯â²¥Î¿ßŠğ‘ğ–Ÿâ„¹oğœ›ğ—²,circolazione,1,0.9181487,0,false_negative
vvâ…‡ğ–‡,web,1,0.91701734,0,false_negative
merita,pressione,0,0.9315157,1,false_positive
denso,comparire,0,0.9341867,1,false_positive
contesti,negativi,0,0.92402387,1,false_positive
ğ“¿ğ›¼ğ™„Ñ†ğœğ•’ğ˜‡Î¹à´‚ğ¿ğ“²,valutazioni,1,0.8930933,0,false_negative
consigliato,cessazione,0,0.93305045,1,false_positive
ğœ×¡ğŸ‰tà°‚Ğ³ğ…ğ—¶,contorni,1,0.9001308,0,false_negative
ï½“â²£ğ‘ğ–—ğ”°ğ–Š,sparse,1,0.9198602,0,false_negative
infezione,velocemente,0,0.94061804,1,false_positive
â„®ğ™£ğ˜ğ–Š,ente,1,0.87491584,0,false_negative
ricchezza,esclamÃ²,0,0.9391973,1,false_positive
pensavo,testamento,0,0.9249596,1,false_positive
â„¯ğ¼eğ™©ğšğ•£â²Ÿğœ‹É©cğ•š,elettronici,1,0.9073602,0,false_negative
ğ’„ğ•¦â„‘tğšâ²…â„®,culture,1,0.89989704,0,false_negative
ebraica,ginocchio,0,0.93886745,1,false_positive
revisione,visite,0,0.9382214,1,false_positive
ğ™„à»gğ²ğ–¼o,logico,1,0.8855444,0,false_negative
ğ–—egğ™ğ“ˆğ½rÎ±ğ”±ğ¼,registrato,1,0.92188793,0,false_negative
ğ“¶ĞµÔğ—‚co,medico,1,0.897374,0,false_negative
Êğš’o,mio,1,0.9220484,0,false_negative
gğ˜³ğ–ºzÉ©oÆ½a,graziosa,1,0.9072629,0,false_negative
Êğ”¢ğ”±ğ•¥ğ›ğ›¡Ù¥,mettono,1,0.901088,0,false_negative
fibre,ad,0,0.92525226,1,false_positive
ğ–µÎ±ğ•gelá´,Vangelo,1,0.9220122,0,false_negative
Ñ•inceğ˜³ğ›‚,sincera,1,0.92386603,0,false_negative
ğœ„ğœ›Ôğœ„ğ“…ğğ—‡â…†Ğµğœ›ğ™©ğ—¶,indipendenti,1,0.9209257,0,false_negative
Ù¥ğ•¡ğ˜¦rÉ‘Ï„ğ”¦ğ¶ğ¼,operativo,1,0.917984,0,false_negative
ğ™„á¾¾ğ“«ğšğ”¯o,libero,1,0.8406396,0,false_negative
ğœšersona,persona,1,0.917128,0,false_negative
ğ›¼Íºğœğ˜É‘,aiuta,1,0.9189627,0,false_negative
â³ğ–“ğœğ™šğ”©ğ–‘ğ“®Ñ‚tğ’,intelletto,1,0.8995333,0,false_negative
giuramento,precisione,0,0.9345314,1,false_positive
Ï²ğ“ªğ’“ğ”¦ğ§o,carino,1,0.90561765,0,false_negative
simbolo,rigido,0,0.9412275,1,false_positive
segnalato,organizzata,0,0.9344118,1,false_positive
sacchetto,sacri,0,0.92683053,1,false_positive
ğš›ğ—¶ÑÏ²hâ„®,ricche,1,0.91151327,0,false_negative
â²£ï¿¨Ï…ğ™¨,plus,1,0.91422653,0,false_negative
conduzione,secondo,0,0.93300104,1,false_positive
ğ‘°àµ¦ğƒÏ„ğ˜¦,lotte,1,0.84444875,0,false_negative
sostanze,corsa,0,0.93828106,1,false_positive
â‹ğ’¶ğœ‹ğ’Šğ”±Ã ,vanitÃ ,1,0.92292786,0,false_negative
finiti,influenza,0,0.9302486,1,false_positive
Ğ°ğ˜³ğ—°Ò»â…ˆ,archi,1,0.90772325,0,false_negative
Æ„ğ‘¢Ñğš‘i,buchi,1,0.9055617,0,false_negative
ğğ”¢â…½â³ğ•â…‡,decine,1,0.89855665,0,false_negative
Ö„Î±ğ”µ,fax,1,0.90784556,0,false_negative
sâ„®xies,sexies,1,0.8963135,0,false_negative
lottare,le,0,0.9296811,1,false_positive
â²£ğ”¯iğ•ağ”¯io,primario,1,0.9032866,0,false_negative
dâ„®mà«¦ğ“·ğ™,demoni,1,0.92355764,0,false_negative
Ë›ğœ›tğ—²ğ“‡ğš—ğ›¼,interna,1,0.9116554,0,false_negative
dğ’†â…½Î¹ğ–˜â„¹Ù¥ğ¿i,decisioni,1,0.91456634,0,false_negative
ğ›‚ï½“ğ—Œâ³,assi,1,0.91200966,0,false_negative
razionalitÃ ,attentamente,0,0.92964095,1,false_positive
indifferenza,infezione,0,0.947606,1,false_positive
Æ½uccğssive,successive,1,0.9181938,0,false_negative
girando,veleno,0,0.94099396,1,false_positive
orientamenti,estremitÃ ,0,0.94095945,1,false_positive
vÍºsà©¦,viso,1,0.9119488,0,false_negative
á´¦É©ğ› oá´¦ğ’•âºğ›•ï½…,riportate,1,0.9107832,0,false_negative
â²£â„´sitiğ¯á¥,positivi,1,0.91721463,0,false_negative
ê“²iğ–˜ğ”±a,lista,1,0.90446264,0,false_negative
É‘ğ“ƒğ›‚lÙ¥gË›ğ˜¢,analogia,1,0.89719844,0,false_negative
ğ–˜ğ¸ğ›‘Æğˆğ›ªÎ¿,singolo,1,0.8759102,0,false_negative
ğ™§á¥ğ™¨ğŠğˆğšaÎ½ğš,risultava,1,0.9224653,0,false_negative
piatti,tua,0,0.92490894,1,false_positive
partecipato,sapevano,0,0.9302853,1,false_positive
êœ±ğœd,sud,1,0.8998956,0,false_negative
á´›ğšğ—°ğš—Î¿ßŠğœŠğ˜¨â…ˆÑğ‘,tecnologica,1,0.920436,0,false_negative
á¶ƒuardÉ©ğ›¼,guardia,1,0.9222933,0,false_negative
paradosso,qualora,0,0.9255616,1,false_positive
marciapiede,bottiglia,0,0.92406493,1,false_positive
á´„á€ğtá´‘,colto,1,0.9207759,0,false_negative
á´„àµ¦mğ“…eğ‘¡â„¹zğ¸ğ‘œÏ–e,competizione,1,0.92055625,0,false_negative
ğ™¥ğ˜¦ğ‘Ÿğ”°à¥¦ğ•ağ™¸ğ˜ª,personali,1,0.91005665,0,false_negative
rompere,rendere,0,0.9434068,1,false_positive
âˆ¨ğ›¼ğ“µe,vale,1,0.89988714,0,false_negative
âºnğ•¥i,anti,1,0.916134,0,false_negative
cğ‚ğœ‹ğšeğ‘Ÿğ’†Ğ¿zğ“ª,conferenza,1,0.9057479,0,false_negative
á€rá¶ƒaÕ¼ğ•šÑğ“ª,organica,1,0.8769523,0,false_negative
ğ“ˆğ’„ğ—ˆï¼©ï½ğ‘ tá¥Ña,scolastica,1,0.91662085,0,false_negative
remoto,disegnare,0,0.9292663,1,false_positive
spiegazioni,ordinanza,0,0.92425835,1,false_positive
ğ™˜ğ–”Ğ¿á´„â²…ĞµÑ‚ï½…,concrete,1,0.92300814,0,false_negative
sovente,suonava,0,0.9296771,1,false_positive
á´ğ˜±ğĞ³ï½Ë›ğ„,operaio,1,0.9181618,0,false_negative
Ôğ˜¶rğ–ºğ™£ğ­e,durante,1,0.9105375,0,false_negative
colpisce,pellicola,0,0.9342725,1,false_positive
ğ‘ oá´¦ğ†ğ”¯â„®ğ•Ôğğğšï½…,sorprendente,1,0.91883063,0,false_negative
ğ“¬ğ›¼mğ‘’rğœ¶,camera,1,0.9222235,0,false_negative
maschera,granchÃ©,0,0.9345698,1,false_positive
ğ—½ğ”¯ğ’†â´âºğ”¯âºnğ’…Î¿,preparando,1,0.9198732,0,false_negative
inÔiani,indiani,1,0.91499317,0,false_negative
ğ‰ağ›¡ğœà¶‚meâ„¼o,tantomeno,1,0.9212774,0,false_negative
frequenti,spiriti,0,0.9267248,1,false_positive
mâ„´ğ›‘Ôà±¦,mondo,1,0.9012383,0,false_negative
termine,fenomeni,0,0.93410546,1,false_positive
ğšrnğ’ƒğ™enğ½Ä±,ambienti,1,0.91461647,0,false_negative
raccoglie,diagnosi,0,0.92435527,1,false_positive
c×¡ğ›‘ğ—³eğ”¯â„®ğ…ğ–Ÿâ„®,conferenze,1,0.89421403,0,false_negative
êœ±â…‡á¶ƒÑ†ğ™š,segue,1,0.91902494,0,false_negative
Óğğ­ğ‘ŸoğÊ‹câ…‡,introduce,1,0.91573226,0,false_negative
Î±Ò»,ah,1,0.84949946,0,false_negative
rÍºğ­uğ–ºÎ™i,rituali,1,0.9129556,0,false_negative
natale,nate,0,0.9300559,1,false_positive
farne,fratello,0,0.9355421,1,false_positive
ğ™—â„¯ğ’ğ˜â…‡,belle,1,0.8561566,0,false_negative
ğ‘’ğšŒÏƒğğ›ğ“¶â„¹É‘,economia,1,0.9223253,0,false_negative
ğ—®Ï€ğğ”ğ—Î±,andata,1,0.91361284,0,false_negative
regolamentazione,rappresentano,0,0.9395475,1,false_positive
Ôisğ—°uÆ½ğ“¼ğ¾,discusso,1,0.90809417,0,false_negative
ğ²ğ¹â„Šğ˜ğ•–ğšœğ“®,inglese,1,0.9218448,0,false_negative
lÃ ,inglese,0,0.9427749,1,false_positive
rğ‘’ßŠÉ©ï½‡Î¹á€á´¨â…ˆ,religioni,1,0.91201156,0,false_negative
ğ€ğ›‚êœ±ğ•¤ğ’Šà¯¦Õ¼i,passioni,1,0.9083445,0,false_negative
tipi,trascinare,0,0.9251546,1,false_positive
ßŠğÏƒnï½…,leone,1,0.8049951,0,false_negative
Å¿Ë›ğœ‹ğ•˜ğ˜¦ğ–“Ôğ¸,fingendo,1,0.8967805,0,false_negative
Ñ•ğ™ªğˆğ—œğ“¸,sullo,1,0.8831861,0,false_negative
ï½–ğ²ğ‰ğ›•á¥ğ—ºğ˜¦,vittime,1,0.9116984,0,false_negative
ğ—ºğ™–ğ—´lË›ğ“®ğ’•ğ˜µğ—®,maglietta,1,0.91184425,0,false_negative
ritenersi,avvicinarsi,0,0.93144655,1,false_positive
Ñ•u,su,1,0.910562,0,false_negative
rivelare,certezza,0,0.9243399,1,false_positive
ğoâ„ğ’ğ¢cğ–¾,pollice,1,0.91620874,0,false_negative
ğºğ‘Ÿğ—¼dğ’–ttori,produttori,1,0.91199744,0,false_negative
Ç€ğ—¶ğ—†ğœ„Ï„ğ•’ğœğ’†,limitate,1,0.91709876,0,false_negative
ğ’”àµ¦Ğ¿,son,1,0.9080325,0,false_negative
Ï±oğ•–ğ‘ Íºa,poesia,1,0.918081,0,false_negative
tremante,fermato,0,0.9414174,1,false_positive
colpi,asilo,0,0.9343094,1,false_positive
vernice,prezzemolo,0,0.9301795,1,false_positive
perÃ²,acido,0,0.92866987,1,false_positive
motivazione,produttore,0,0.9279419,1,false_positive
potranno,ognuno,0,0.92844164,1,false_positive
ğ•’ğ«cÒ»ğ¸viá€,archivio,1,0.92135537,0,false_negative
ï½ƒolğ‚ğ™§âºğ‰e,colorate,1,0.9237526,0,false_negative
Ï…ğ“ƒâ„¹ğ—ğ,unite,1,0.91486573,0,false_negative
ğ‘ ğ˜¤á¾¾à«¦ğ›’ğ’†â²…ğ—¼,sciopero,1,0.89739454,0,false_negative
ğ”¬ğ–—ienğœğ°ê“²ğ˜ª,orientali,1,0.90851504,0,false_negative
ğ›ŠnÔâ…ˆvá¥ğ“­ğ¾alâ„¯,individuale,1,0.8909143,0,false_negative
schema,specialmente,0,0.94257116,1,false_positive
ceğtâ²…ğªğ”©ğ–¾,centrale,1,0.9193987,0,false_negative
continuÃ²,sottostante,0,0.93219054,1,false_positive
cattiva,fitta,0,0.93666,1,false_positive
Å¿ğ¢lğ”,fila,1,0.92317516,0,false_negative
ğ–‡Ğ³ğ¾ğ™£à«¦,bruno,1,0.91203046,0,false_negative
ğŸ™âºvoğ‘Ÿğšğ³iğˆğğ–¾,lavorazione,1,0.90599227,0,false_negative
ï½à¹ğ•£ğ’•ğ’†,porte,1,0.9218502,0,false_negative
spaventoso,sollevato,0,0.94456875,1,false_positive
simboli,tenga,0,0.9262322,1,false_positive
â‹eğ‰ğ—ğœra,vettura,1,0.9238164,0,false_negative
ğğ”¯à³¦Ï±ğ›¼ğ•˜ğªğ…ğğ—®,propaganda,1,0.91104746,0,false_negative
paragone,propaganda,0,0.94864124,1,false_positive
â²¥oĞ¿ğ–™inuğœ¶ğ—¿à¥¦nà¹,continuarono,1,0.91841376,0,false_negative
Ï–ËŠ,n',1,0.9115564,0,false_negative
Ñ‚ğœ¶vâ²Ÿlâ³nâ²Ÿ,tavolino,1,0.9202778,0,false_negative
Ó€iğ–’iğ’•É‘ğ“‰ğ”¦,limitati,1,0.9095677,0,false_negative
âºğ«ğ˜ªa,aria,1,0.9101887,0,false_negative
risarcitoria,rinvia,0,0.92710465,1,false_positive
Ñ•Ï²âºrpâ„¯,scarpe,1,0.9098172,0,false_negative
eravamo,argomento,0,0.92923856,1,false_positive
ğ‘sï½ƒğ›”ğ–¨ğ–™Î±ğ˜³â„®,ascoltare,1,0.9020649,0,false_negative
patrimoniali,incompatibile,0,0.92999417,1,false_positive
â²ŸpĞµrğœ¶ğ˜‡á¾¾à¥¦Õ¼ğš’,operazioni,1,0.91127926,0,false_negative
miglioramento,ringrazio,0,0.92726344,1,false_positive
locali,isola,0,0.9348376,1,false_positive
ğ¶ğ¼â„‘ğ˜‚mğ—²,volume,1,0.9215658,0,false_negative
ğšoï½‡ğ•€i,fogli,1,0.9004241,0,false_negative
Ôâ…°ğ¶eÏ–ğ‰ğ’¶ğ§ğˆ,diventano,1,0.89174616,0,false_negative
â²…á¾¾cğ„Ğ³ğ™§ğ–¾,ricorre,1,0.9234482,0,false_negative
ğ˜´iğ…á¶ƒà±¦ğ•€â„¯,singole,1,0.9125123,0,false_negative
â‹ğ–¾rÖğ²Õ¼ğ“®,vergine,1,0.8990854,0,false_negative
attaccamento,spagnoli,0,0.9333795,1,false_positive
ğ™„ğ•¦ğ’”ğ“ˆÙ¥,lusso,1,0.85316753,0,false_negative
ğ”¢ğ—Œğ•šßŠÉªÖ…,esilio,1,0.9104568,0,false_negative
ğ“˜aâ…¿ğª,lama,1,0.86365855,0,false_negative
â²£ğ• Ğ†ßŠğœ,pollo,1,0.86175936,0,false_negative
ğ™¸ğ•–ğ â„¹ğ—ŒğŸ£âºğƒğ²ğ–›o,legislativo,1,0.8871446,0,false_negative
persone,seguente,0,0.9347214,1,false_positive
ciÎ½ğ—‚ßŠâ…°,civili,1,0.92251396,0,false_negative
ğœ„ğ‘›ğ’¹ğ™ğ˜·ğ“²á‘¯ğšâºIÍº,individuali,1,0.91958237,0,false_negative
grigia,rivelÃ²,0,0.92722607,1,false_positive
ğ—‰Éªğœâ²¥ğ’ğ•â„®,piccole,1,0.9037905,0,false_negative
ğ„ğ™§ğ˜¨ğ—®â„¼ğ’Šğ–Ÿá´¢Ğ°ğ—“ğš¤Ö…ğœ›ğ™š,organizzazione,1,0.91291445,0,false_negative
ğ“…aĞ¿ğ›¡ğ–†,panna,1,0.9120947,0,false_negative
ğ¼â…‡É¡ğšŠ,lega,1,0.85605025,0,false_negative
ğ™¢ï½…ğ›¡ğšağ˜­ğ’ï½…á´¨Ï„ğ,mentalmente,1,0.9237154,0,false_negative
copertina,gialli,0,0.9397934,1,false_positive
ğ ğš’×¡ğ¶ï½ğË›ğ–‘Ğµ,giovanile,1,0.90394163,0,false_negative
ğ—‰iÉ‘ğ”«Ö…,piano,1,0.9184612,0,false_negative
ğ”Ñğ–¼×¡rÑ‚ğ¸,accorto,1,0.9148444,0,false_negative
Óğ¦ğ†ğ’“ğ”¢Æ½a,impresa,1,0.9209508,0,false_negative
sacrifici,finisce,0,0.94034576,1,false_positive
ğ–¿á€ğ˜³ğ—ºğ˜¢ğ¼i,formali,1,0.9206155,0,false_negative
ğ‘‘iğ—Œpà«¦ngà¯¦nÏƒ,dispongono,1,0.92131245,0,false_negative
motore,conduzione,0,0.9421209,1,false_positive
tassazione,estrarre,0,0.9246039,1,false_positive
É‘ğ‘Ÿtâ„¹ğ—°ğ–”Ó€ğ•š,articoli,1,0.9028552,0,false_negative
giochi,articoli,0,0.9398664,1,false_positive
ğšŒağ˜³ğštğ™©ğšĞ³ÓzzğšŠÑ‚e,caratterizzate,1,0.9169974,0,false_negative
coscienza,collo,0,0.9298339,1,false_positive
compleanno,disciplina,0,0.92725694,1,false_positive
âºÏğ’“ğ–Š,apre,1,0.91033494,0,false_negative
â²¥ğ–Šğ“‡iğ•Ïƒğœ‹Éªğ’†,cerimonie,1,0.9209981,0,false_negative
Æ½ğ¸ÆaĞ³ï½…tğ‘¡e,sigarette,1,0.91923535,0,false_negative
facciata,aliquota,0,0.93609214,1,false_positive
á–¯âºğ‘™ğ–ğš,balia,1,0.91817814,0,false_negative
ğ—Œecğ”¬Ï€ê“’Î¹,secondi,1,0.9166578,0,false_negative
vogliamo,secondi,0,0.9247637,1,false_positive
ricchezza,immersa,0,0.94227386,1,false_positive
dottor,orizzonte,0,0.9330445,1,false_positive
ğ“¶â„¯Ôâ…ˆğšğ‘£ğ°ğŸğ–¾,medievale,1,0.9112675,0,false_negative
Å¿ğšŠÑğ”¢nğšà©¦ğ™¸ğ—®,facendola,1,0.9151978,0,false_negative
Î±ğ™¢ğœ¶,ama,1,0.9102324,0,false_negative
biglietto,frequentato,0,0.9394286,1,false_positive
ğ“¬ğ›¼rá´›ğ,carte,1,0.9214035,0,false_negative
estremitÃ ,lenti,0,0.9367103,1,false_positive
superiori,microfono,0,0.928199,1,false_positive
veğš›êœ±antğ‘’,versante,1,0.9104032,0,false_negative
ğ–˜ecà²‚ndğ’¶rğ–o,secondario,1,0.91775507,0,false_negative
Å¿emmï½‰Ğ¿â…‡,femmine,1,0.9190022,0,false_negative
Ôeâ„¼uncğ“²a,denuncia,1,0.9171906,0,false_negative
parto,prioritÃ ,0,0.9310968,1,false_positive
ğ–¨ï½‰Ğ¬erğ˜¢ğ™§ğ’†,liberare,1,0.9158699,0,false_negative
radio,registro,0,0.93432975,1,false_positive
rispondeva,motivi,0,0.9245975,1,false_positive
ğ›’Ù¥nğ”¤ğ„â„¼â²Ÿ,pongono,1,0.88747257,0,false_negative
ğ”¯oá´„ğœ…,rock,1,0.92314595,0,false_negative
ğà³¦ğ‘šÉªğ›‘ğ›‚ğ“½à»,nominato,1,0.911979,0,false_negative
salutare,sacchetto,0,0.93292975,1,false_positive
ğš¤ğ“˜lğ“¾ğ™¨iá€Õ¼ğœ„,illusioni,1,0.9151132,0,false_negative
peggiore,supporto,0,0.94263923,1,false_positive
ğšğ¸ï½ƒcâ…°a,doccia,1,0.9120662,0,false_negative
materna,domandare,0,0.9272042,1,false_positive
cğ• ğ…â²¥ğ”¢ttÎ¹,concetti,1,0.91099054,0,false_negative
soggiorno,esterno,0,0.94304705,1,false_positive
conferenze,comincio,0,0.9349677,1,false_positive
ğ›Šğ—‡fà»ğ“»mğ›‚ğ‰ÍºvÍº,informativi,1,0.90701354,0,false_negative
âˆ¨ğ–¾ğ™¨ğ‰iğ‰ğ‘œ,vestito,1,0.910638,0,false_negative
ğ—œğ›¼ğ™œÉ¡iÃ¹,laggiÃ¹,1,0.88196,0,false_negative
scura,atteso,0,0.93153,1,false_positive
Õ½ğ«bğ”ğà©¦,urbano,1,0.90718514,0,false_negative
ğ•Ÿağ“½uğ—¿ğ™–ğŸ™ğ•š,naturali,1,0.9223442,0,false_negative
formula,parentesi,0,0.9459442,1,false_positive
ğ•´ğ“Šğ˜¤ğ²ğ’¹ğ—®,lucida,1,0.90101624,0,false_negative
ğ“»ğš˜Ğ¬×¡ğ–™,robot,1,0.92214894,0,false_negative
ğ˜£ğ˜¦lâ„‘Íºêœ±ğ“¼á¾¾mĞ°,bellissima,1,0.9066704,0,false_negative
architetti,definisce,0,0.92846894,1,false_positive
nipoti,impeto,0,0.93262815,1,false_positive
ğ“¼É‘ğ“Ñ•a,salsa,1,0.9202557,0,false_negative
ğ–Œuğ›¼ğ•£ğšğ•’â²…ğ—†ğ—¶,guardarmi,1,0.920749,0,false_negative
ğ•’â„‘,al,1,0.90542245,0,false_negative
dovrei,rivolti,0,0.9268181,1,false_positive
cintura,ecco,0,0.92835397,1,false_positive
ğ™œelÓê“’a,gelida,1,0.9196677,0,false_negative
ğ›¼ğ”¯reğ¬tare,arrestare,1,0.92327505,0,false_negative
ğœŒğ—¼ğ½ğ–Šğ”«á´¢ğ’‚,potenza,1,0.9139532,0,false_negative
bğœÙ¥â„¼o,buono,1,0.90959364,0,false_negative
imporre,passaporto,0,0.9256646,1,false_positive
Ôï½…bğ—¶tğœ,debito,1,0.9053395,0,false_negative
culo,cameriere,0,0.92418164,1,false_positive
pericolositÃ ,articolazione,0,0.94206786,1,false_positive
ğ•¤gğŠğªá´¦Ôo,sguardo,1,0.92224526,0,false_negative
potremo,ripreso,0,0.9262988,1,false_positive
ğ–˜iá´„ğ¾ğ”¯a,sicura,1,0.92324346,0,false_negative
ğ–¼ğ‘ğ›¡á´¢á´ğ•Ÿğ’¾,canzoni,1,0.91177404,0,false_negative
ğ‘à±¦câ…½a,bocca,1,0.91207767,0,false_negative
procedure,previsione,0,0.93357605,1,false_positive
áğ–ºÆağ•˜li,bagagli,1,0.92068416,0,false_negative
âºğ™—itğ‚,abito,1,0.90328765,0,false_negative
âºcÕ¦ğ™ªistğšŠğ“½ğ¾,acquistato,1,0.9197506,0,false_negative
singolare,ordinare,0,0.931898,1,false_positive
Ï²ğ–†ğ‘Ÿi,cari,1,0.90217537,0,false_negative
ğ¼â„¯ğ•š,lei,1,0.8495637,0,false_negative
cĞ³edenğš£ğ™š,credenze,1,0.9185177,0,false_negative
ğšï½ï¿¨ßŠà¥¦,dallo,1,0.8460132,0,false_negative
Ğ¬ï½‰ğ’‚ğœ‹Ñğ—µğ‘–,bianchi,1,0.8918863,0,false_negative
ğšœÏ²à³¦ğ“·ğ‰rà¶‚,scontro,1,0.9194936,0,false_negative
ğ˜¢meğ–—á¾¾ğ—°ğšŠá´¨o,americano,1,0.91615796,0,false_negative
â²¥ğ“ªğ“ƒğƒğš˜,canto,1,0.9168948,0,false_negative
quod,sole,0,0.9317292,1,false_positive
ğœšeğš›ğ¬à«¦ğ§ağ˜ğ•–,personale,1,0.8925668,0,false_negative
ğœšğœŠğ•¤ğ“¼Óğ–»ğ—‚ßŠğ’¾,possibili,1,0.91619194,0,false_negative
coperte,torace,0,0.9303864,1,false_positive
dÃ¨i,esterna,0,0.9366324,1,false_positive
spostamento,firmato,0,0.9259663,1,false_positive
cà«¦orğ••inağ½e,coordinate,1,0.9070484,0,false_negative
ğ«ivğ˜¦ßŠa,rivela,1,0.920686,0,false_negative
Ğ°bbË›ğ™œliğœ¶rnent×¡,abbigliamento,1,0.90738297,0,false_negative
ğ˜¤iá´¦â²¥ğ›Õ¼dğœ¶,circonda,1,0.91412354,0,false_negative
Ñ•ğ“Šğ’¸cĞµğ˜´ğ”°o,successo,1,0.9088313,0,false_negative
condizionato,remoto,0,0.93976724,1,false_positive
annunciÃ²,tracciare,0,0.9378772,1,false_positive
femmine,ennesima,0,0.9242285,1,false_positive
ğ’ˆağ—‹ağ…zia,garanzia,1,0.90938795,0,false_negative
ğ–†ğ™¢ğ—²riâ²¥ağ›‘a,americana,1,0.9179029,0,false_negative
ğ™˜ğ‚ğ¦ğ“¹ğ—ˆsğ­à±¦,composto,1,0.9189909,0,false_negative
conclusioni,raggiunsero,0,0.9385463,1,false_positive
ğ•§ğ›¼ğ™¡Íºğšğ¢ğ˜¦,valigie,1,0.91549885,0,false_negative
ğœ¶ğœ‹ê“’ğ•’ğ’“Ñğ•š,andarci,1,0.9095015,0,false_negative
illustrato,sanitario,0,0.9313415,1,false_positive
frattura,valorizzare,0,0.92687225,1,false_positive
insegna,palestra,0,0.9291409,1,false_positive
â´âºğ—‹â„®ğšŸÎ±,pareva,1,0.8990406,0,false_negative
nominale,razionalitÃ ,0,0.9291096,1,false_positive
sá´„Óğ–º,scia,1,0.91842985,0,false_negative
ğ•€eâºğ—±ğ–Šğ—¿,leader,1,0.8362354,0,false_negative
ğ™¸eğ›•ğ“½ğš¤,letti,1,0.8912779,0,false_negative
Ñğ›‚bğœ¾â„¼ğ–†,cabina,1,0.8835181,0,false_negative
á¥ğ”©lğ”²sione,illusione,1,0.92092824,0,false_negative
potessi,potresti,0,0.9659517,1,false_positive
scheda,santo,0,0.9250211,1,false_positive
Æ½ğ•’ßŠğ•§â„´,salvo,1,0.86059487,0,false_negative
ğ’¹eğ–¼ğ›Šsione,decisione,1,0.92252356,0,false_negative
á¾¾ğ“¼ğ›•ğ›‚ğœ‹Ï„ğ™š,istante,1,0.9199462,0,false_negative
citazioni,regolamentare,0,0.9357628,1,false_positive
ğ—ºağ¼,mal,1,0.88556457,0,false_negative
ğš–ğ¸â²…tà»,morto,1,0.91857857,0,false_negative
iscritti,uscito,0,0.93013257,1,false_positive
funzionalitÃ ,sottolineare,0,0.9344894,1,false_positive
poğ˜€ğ˜ğ–¾ğ”¯Ë›ğ¼râ…°,posteriori,1,0.9144685,0,false_negative
ağ¹tâ³co,antico,1,0.9238875,0,false_negative
maestro,dritta,0,0.9254728,1,false_positive
pâ„´ğ—¿ğ˜µağ™„e,portale,1,0.9095192,0,false_negative
ÑµicÓni,vicini,1,0.9190961,0,false_negative
immediatamente,insegnato,0,0.9280815,1,false_positive
Ñ•ğ‚áºğ™›Íºğ™©tá´‘,soffitto,1,0.9239818,0,false_negative
ğˆğ–ºâ²¥á´¦ğ²â…¿ï½…,lacrime,1,0.87006533,0,false_negative
Ö„ğ’Šno,fino,1,0.88220215,0,false_negative
affrettÃ²,illustrato,0,0.9361758,1,false_positive
É‘ğš°ğ•¥ğ•–ğ—‹ğ›‘ğœ¶ğ˜ğ—¶ğ¼ğ“®,alternative,1,0.89908504,0,false_negative
sulle,uscendo,0,0.92918605,1,false_positive
ğ›ªâ„®zğ²à«¦ğ“ƒâ„®,lezione,1,0.8891061,0,false_negative
á¥ğš—tğ™šğš›â‹ï½…ğ“ƒuğ˜ğ‘,intervenuta,1,0.9153313,0,false_negative
âµğ’‚ğšœğ—°iaá´›ğ”,lasciata,1,0.91649675,0,false_negative
áğ›‚ğ–‰âºá´¦â„®,badare,1,0.85923547,0,false_negative
ğ‘†ğšŠğš›ğğ”¢É¡ğ—»ğ‘,Sardegna,1,0.9120942,0,false_negative
âºmğªva,amava,1,0.91386205,0,false_negative
gas,geni,0,0.9268565,1,false_positive
ğ—œğ”¢ğ Ë›ğ“½tğ—¶ğ”ªaâ…¿ğ˜¦ğ•Ï„e,legittimamente,1,0.9167061,0,false_negative
trattenne,legittimamente,0,0.93242556,1,false_positive
pen,spinse,0,0.9302857,1,false_positive
interrogativo,risveglio,0,0.9396098,1,false_positive
competitivitÃ ,combattere,0,0.93370485,1,false_positive
definitivamente,nettamente,0,0.931713,1,false_positive
ğœšğ’¶ğ“ˆğ’”ğ‘œ,passo,1,0.9124433,0,false_negative
volgare,vantaggi,0,0.9336744,1,false_positive
dğ¾ğœ¤ğ¼,dolo,1,0.90161014,0,false_negative
ğ“‚ğ‚â…¾ğ—²â… Î™ğ¢,modelli,1,0.92156994,0,false_negative
ğ’¸à©¦ğ’”ğ•¥rğ˜‚ğ™¯É©ğ• Ï–ğ‘’,costruzione,1,0.92387164,0,false_negative
â³Ğ¿×˜eğ•¤ğ½á¾¾to,investito,1,0.8983425,0,false_negative
neâ…¿Ócà²‚,nemico,1,0.9219222,0,false_negative
×¡tÒ»â„¯r,other,1,0.9154151,0,false_negative
posizioni,prescrizione,0,0.92790097,1,false_positive
ğ•”oğ“˜ğ•´ğ‘’ğ™©tiâ…´ğ“¸,collettivo,1,0.9240105,0,false_negative
ğ•ğ”¬Ï„ğ•’tÖ…,notato,1,0.9106251,0,false_negative
ğ˜´uğ•€Ğ†á¾¿,sull',1,0.9090805,0,false_negative
ğ™¥ğ•–ğ˜á¾¾,peli,1,0.87354696,0,false_negative
ğ“¬á‚â³amağ¹Î¿,chiamano,1,0.9134157,0,false_negative
ğ—±ğ—ˆğ‘›Ğ¿ğ•’,donna,1,0.9010613,0,false_negative
progressi,passavano,0,0.93565524,1,false_positive
motore,malato,0,0.9293794,1,false_positive
ğ’¸ÏƒÏ€ğ—»â…‡ï½“ğ–˜ià¥¦Ï–ğ–¾,connessione,1,0.91346127,0,false_negative
materno,cucchiaio,0,0.92439306,1,false_positive
ğ¿Ñ†â„lo,nullo,1,0.89038306,0,false_negative
rifiutato,feriti,0,0.9241704,1,false_positive
eğ™¸ğğŸ‰cğ˜°,elenco,1,0.9163594,0,false_negative
á¶ƒağ’“Ğ°Õ¸ğ”ƒâ³Ğµ,garanzie,1,0.92313,0,false_negative
bicchieri,raccolti,0,0.9285615,1,false_positive
privilegio,miglioramento,0,0.92925096,1,false_positive
meglio,metallo,0,0.9352257,1,false_positive
ğ’†nğ›•â²…Î±ğ›•a,entrata,1,0.9227131,0,false_negative
ğ”²Ñ•cğ—¶ğš›ğ›”nÎ¿,uscirono,1,0.8893972,0,false_negative
Õ¼ğ–†ğ“‡Óá´„ğ•š,narici,1,0.9158088,0,false_negative
facilitÃ ,narici,0,0.9263428,1,false_positive
maschi,sistemi,0,0.9284134,1,false_positive
ßŠegato,legato,1,0.8984065,0,false_negative
prescrive,riprese,0,0.9398628,1,false_positive
ÖÉ©à°‚ğ™˜a,gioca,1,0.9184752,0,false_negative
significato,giunti,0,0.9266492,1,false_positive
perÃ²,terreno,0,0.9361445,1,false_positive
confuso,consumare,0,0.9342969,1,false_positive
ğ ğœğšrá‘¯iağœ›ğ‚,guardiano,1,0.90132296,0,false_negative
â‹â„®nğš’ğ—®ğ˜®o,veniamo,1,0.92189837,0,false_negative
virtuaIe,virtuale,1,0.92151767,0,false_negative
á´„ondiï½–iğ“¼ğ‘–oĞ¿e,condivisione,1,0.9212058,0,false_negative
Ï²ï½ğ”³Î±Ç€iğ–Šğ˜³ğ•–,cavaliere,1,0.9195829,0,false_negative
Î±utoğ—†obÓlğ•–,automobile,1,0.88680476,0,false_negative
á´„×¡Ï€ğ˜§iğ…e,confine,1,0.8953301,0,false_negative
ğˆâ…‡ğ—€Éªsğ“˜ğšŠğ”±ğ˜ªğ–›ğ™–,legislativa,1,0.8511232,0,false_negative
ğ’„oğ‘›Ï²à»â²…rÏƒğ¿Ğ¾,concorrono,1,0.90787977,0,false_negative
coğ‘°labà²‚ratore,collaboratore,1,0.9010009,0,false_negative
quali,passivitÃ ,0,0.9293509,1,false_positive
Óğ™£ğ”«á´ï½–ğ’‚ğ“ğ—‚à¥¦ğ¹ğ•–,innovazione,1,0.9046186,0,false_negative
rock,far,0,0.9349227,1,false_positive
ağ®tĞ¾ğ›¡á€ğ¦Ä±ğ—®,autonomia,1,0.9167831,0,false_negative
Örado,grado,1,0.8915386,0,false_negative
morali,rigida,0,0.92577326,1,false_positive
ğ–’ğ›á´¨ğ“®ğ–™ï½…,monete,1,0.91951996,0,false_negative
ğ‰ğ˜¢ğ™„Ğµ,tale,1,0.8880219,0,false_negative
organismi,dominare,0,0.92491996,1,false_positive
ğ—°à²‚ğ—ºà¶‚ğšğšŠ,comoda,1,0.9219661,0,false_negative
paziente,prescrizioni,0,0.94792455,1,false_positive
piazze,riesci,0,0.9255531,1,false_positive
personaggi,quarti,0,0.93614525,1,false_positive
isolata,calce,0,0.92933524,1,false_positive
âˆ¨ğ—²ğ™§ï½“ğ‘ğ“½à¹,versato,1,0.9129978,0,false_negative
maestÃ ,identificato,0,0.9289647,1,false_positive
ventre,antecedente,0,0.9354441,1,false_positive
arrivi,ammise,0,0.9276395,1,false_positive
â´ecÕ½liağ”¯e,peculiare,1,0.9231277,0,false_negative
uffici,annunciÃ²,0,0.9479092,1,false_positive
ğ—±eğ–¨l',dell',1,0.9191708,0,false_negative
solitario,dell',0,0.92895615,1,false_positive
ğŸàµ¦ğ–—ğ›‘ğœ,forno,1,0.8863081,0,false_negative
fğ°rÉªnÎ±,farina,1,0.92287457,0,false_negative
tâ…‡atrağ™¸ğ”¢,teatrale,1,0.9135475,0,false_negative
iğ›¡â„¹ğ–Ÿiğ”ğ—‹Ù¥ğ•ğ¼,iniziarono,1,0.9234815,0,false_negative
margine,maggiori,0,0.9253803,1,false_positive
risate,min,0,0.9261514,1,false_positive
rnğ—²âµğ‘œdğ’Šğ°,melodia,1,0.91596484,0,false_negative
sÉ‘ßŠotto,salotto,1,0.8949206,0,false_negative
ğ—œenzuoï½Œğœ¶,lenzuola,1,0.9172505,0,false_negative
biglietto,lenzuola,0,0.9607555,1,false_positive
Öğš›ğ—®ğ™™Õ½ğ‘âµğ‘’,graduale,1,0.9099723,0,false_negative
ğ‘°â…‡ğ˜ğ’•ğ™šğ«ğ–†ğ’•Ï…ğ’“ğ™–,letteratura,1,0.892321,0,false_negative
ğ“ˆà°‚ğšœÏğğšœà«¦,sospeso,1,0.9164158,0,false_negative
preliminari,preliminare,0,0.98314345,1,false_positive
ğ••Ğµâ²¥á€ğ“»Æ½ğ”¬,decorso,1,0.9207354,0,false_negative
â„¼ğ•–ğšà¯¦ğ˜»i,negozi,1,0.9037322,0,false_negative
Ñğ›ğ—ºğ®ğœ‹ğœ¾à¶‚â„¼Ğµ,comunione,1,0.9215713,0,false_negative
â„®ğ‘”à¶‚,ego,1,0.9219123,0,false_negative
tĞ°ğ˜ğ™ªğ•Î¹,taluni,1,0.9065326,0,false_negative
gambe,guida,0,0.9305506,1,false_positive
aliquota,azienda,0,0.93175125,1,false_positive
riuscivo,rifiutÃ²,0,0.93008655,1,false_positive
â‹ğ•šğ“ˆğ™onğ‘’,visione,1,0.91115326,0,false_negative
